<?xml version="1.0" encoding="UTF-8"?>
<model package="lingua" baseClass="xPDOObject" platform="mysql" defaultEngine="MyISAM" version="1.1">
    <object class="linguaLangs" table="langs" extends="xPDOSimpleObject">
        <field key="active" dbtype="tinyint" precision="3" attributes="unsigned" phptype="integer" null="false" default="0" />
        <field key="local_name" dbtype="varchar" precision="255" phptype="string" null="true" />
        <field key="lang_code" dbtype="char" precision="2" phptype="string" null="false" index="index" />
        <field key="lcid_string" dbtype="char" precision="10" phptype="string" null="true" />
        <field key="lcid_dec" dbtype="int" precision="6" attributes="unsigned" phptype="integer" null="true" />
        <field key="date_format_lite" dbtype="char" precision="32" phptype="string" null="true" default="Y-m-d" />
        <field key="date_format_full" dbtype="char" precision="32" phptype="string" null="true" default="Y-m-d H:i:s" />
        <field key="is_rtl" dbtype="tinyint" precision="1" attributes="unsigned" phptype="integer" null="false" default="0" />
        <field key="flag" dbtype="varchar" precision="255" phptype="string" null="true" />

        <index alias="lang_code" name="lang_code" primary="false" unique="false" type="BTREE" >
            <column key="lang_code" length="" collation="A" null="false" />
        </index>
        
        <composite alias="SiteContent" class="linguaSiteContent" local="id" foreign="lang_id" cardinality="many" owner="local" />
        
    </object>
    <object class="linguaSiteContent" table="site_content" extends="xPDOSimpleObject">
        <field key="resource_id" dbtype="int" precision="10" attributes="unsigned" phptype="integer" null="false" default="0" />
        <field key="lang_id" dbtype="int" precision="10" attributes="unsigned" phptype="integer" null="false" default="0" />
        <field key="pagetitle" dbtype="varchar" precision="255" phptype="string" null="false" default="" index="index" />
        <field key="longtitle" dbtype="varchar" precision="255" phptype="string" null="false" default="" />
        <field key="description" dbtype="varchar" precision="255" phptype="string" null="false" default="" />
        <field key="alias" dbtype="varchar" precision="255" phptype="string" null="true" default="" index="index" />
        <field key="link_attributes" dbtype="varchar" precision="255" phptype="string" null="false" default="" />
        <field key="parent" dbtype="int" precision="10" phptype="integer" null="false" default="0" index="index" />
        <field key="isfolder" dbtype="tinyint" precision="1" attributes="unsigned" phptype="integer" null="false" default="0" index="index" />
        <field key="introtext" dbtype="text" phptype="string" null="true" />
        <field key="content" dbtype="mediumtext" phptype="string" null="true" />
        <field key="menutitle" dbtype="varchar" precision="255" phptype="string" null="false" default="" />
        <field key="context_key" dbtype="varchar" precision="100" phptype="string" null="false" default="web" index="index" />
        <field key="content_type" dbtype="int" precision="11" attributes="unsigned" phptype="integer" null="false" default="1" />
        <field key="uri" dbtype="text" phptype="string" null="true" index="index" />
        <field key="uri_override" dbtype="tinyint" precision="1" phptype="integer" null="false" default="0" index="index" />
        <field key="properties" dbtype="mediumtext" phptype="string" null="true" />

        <index alias="alias" name="alias" primary="false" unique="false" type="BTREE" >
            <column key="alias" length="" collation="A" null="true" />
        </index>
        <index alias="uri" name="uri" primary="false" unique="false" type="BTREE" >
            <column key="uri" length="333" collation="A" null="true" />
        </index>
        <index alias="uri_override" name="uri_override" primary="false" unique="false" type="BTREE" >
            <column key="uri_override" length="" collation="A" null="false" />
        </index>
        <index alias="cache_refresh_idx" name="cache_refresh_idx" primary="false" unique="false" type="BTREE" >
            <column key="id" length="" collation="A" null="false" />
            <column key="parent" length="" collation="A" null="false" />
        </index>
        <index alias="parent" name="parent" primary="false" unique="false" type="BTREE" >
            <column key="parent" length="" collation="A" null="false" />
        </index>
        <index alias="context_key" name="context_key" primary="false" unique="false" type="BTREE" >
            <column key="context_key" length="" collation="A" null="false" />
        </index>
        <index alias="isfolder" name="isfolder" primary="false" unique="false" type="BTREE" >
            <column key="isfolder" length="" collation="A" null="false" />
        </index>
        <index alias="content_ft_idx" name="content_ft_idx" primary="false" unique="false" type="FULLTEXT" >
            <column key="pagetitle" length="" collation="" null="false" />
            <column key="longtitle" length="" collation="" null="false" />
            <column key="description" length="" collation="" null="false" />
            <column key="introtext" length="" collation="" null="true" />
            <column key="content" length="" collation="" null="true" />
        </index>

        <aggregate alias="Lang" class="linguaLangs" local="lang_id" foreign="id" cardinality="one" owner="foreign" />

    </object>
    <object class="linguaSiteTmplvarContentvalues" table="site_tmplvar_contentvalues" extends="xPDOSimpleObject">
        <field key="lang_id" dbtype="int" precision="10" phptype="integer" null="false" default="0" index="index" />
        <field key="tmplvarid" dbtype="int" precision="10" phptype="integer" null="false" default="0" index="index" />
        <field key="contentid" dbtype="int" precision="10" phptype="integer" null="false" default="0" index="index" />
        <field key="value" dbtype="mediumtext" phptype="string" null="false" />

        <index alias="tmplvarid" name="tmplvarid" primary="false" unique="false" type="BTREE" >
            <column key="tmplvarid" length="" collation="A" null="false" />
        </index>
        <index alias="contentid" name="contentid" primary="false" unique="false" type="BTREE" >
            <column key="contentid" length="" collation="A" null="false" />
        </index>
        <index alias="tv_cnt" name="tv_cnt" primary="false" unique="false" type="BTREE" >
            <column key="tmplvarid" length="" collation="A" null="false" />
            <column key="contentid" length="" collation="A" null="false" />
            <column key="lang_id" length="" collation="A" null="false" />
        </index>
        <index alias="lang_id" name="lang_id" primary="false" unique="false" type="BTREE" >
            <column key="lang_id" length="" collation="A" null="false" />
        </index>
        
        <aggregate alias="Tmplvars" class="linguaSiteTmplvars" local="tmplvarid" foreign="tmplvarid" cardinality="one" owner="foreign" />
        
    </object>
    <object class="linguaSiteTmplvars" table="site_tmplvars" extends="xPDOSimpleObject">
        <field key="tmplvarid" dbtype="int" precision="10" attributes="unsigned" phptype="integer" null="false" default="0" index="index" />

        <index alias="tmplvarid" name="tmplvarid" primary="false" unique="false" type="BTREE" >
            <column key="tmplvarid" length="" collation="A" null="false" />
        </index>
        
        <composite alias="TmplvarContentvalues" class="linguaSiteTmplvarContentvalues" local="tmplvarid" foreign="tmplvarid" cardinality="many" owner="local" />
        
    </object>
    <object class="linguaSiteTmplvarsPatterns" table="site_tmplvars_patterns" extends="xPDOSimpleObject">
        <field key="type" dbtype="varchar" precision="255" phptype="string" null="true" />
        <field key="search" dbtype="varchar" precision="255" phptype="string" null="true" />
        <field key="replacement" dbtype="varchar" precision="255" phptype="string" null="true" />
    </object>
</model>